subreddit,image_file_name,image_url,caption,up_votes,time
AbandonedPorn,scxo4ol19ovc1.jpeg,https://i.redd.it/scxo4ol19ovc1.jpeg,Abandoned school/ Covid testing site,292,4/20/2024 17:45
AbandonedPorn,zh3cnxt38pvc1.jpeg,https://i.redd.it/zh3cnxt38pvc1.jpeg,An abandoned mall with a few months left to stand.,54,4/20/2024 21:02
AbandonedPorn,melibwxyrovc1.jpeg,https://i.redd.it/melibwxyrovc1.jpeg,Former State hospital library ,51,4/20/2024 19:31
AbandonedPorn,tdhy65qkiovc1.jpeg,https://i.redd.it/tdhy65qkiovc1.jpeg,Still existing section of track that once was apart of the Fort Wilderness Railroad at Walt Disney World. The railroad shut down in 1980.,54,4/20/2024 18:39
AbandonedPorn,cupl5tlh7kvc1.jpeg,https://i.redd.it/cupl5tlh7kvc1.jpeg,"Abandoned (presumably haunted) love hotel in Chiba, Japan",444,4/20/2024 4:09
AbandonedPorn,xj53q82yqovc1.jpeg,https://i.redd.it/xj53q82yqovc1.jpeg,"Alverson General Store, Carlisle, SC [USA]. Operated by Grover J. Alverson (1911-2003), serving the community for 35 years.",22,4/20/2024 19:28
AbandonedPorn,t1rl9og5vkvc1.jpeg,https://i.redd.it/t1rl9og5vkvc1.jpeg,"Abandoned (presumably haunted) love hotel in Chiba, Japan",199,4/20/2024 6:22
AbandonedPorn,o3ijan5fumvc1.jpeg,https://i.redd.it/o3ijan5fumvc1.jpeg,Chalk board in some social/dining area of an abandoned psychiatric hospital ,55,4/20/2024 13:01
AbandonedPorn,6nhsnet91ovc1.jpeg,https://i.redd.it/6nhsnet91ovc1.jpeg,Collapsing china factory [OC],25,4/20/2024 17:02
